[
  {
    "label": "Município",
    "children": [
      { "label": "ABADIA DOS DOURADOS" },
      { "label": "ABAETE" },
      { "label": "ABRE CAMPO" },
      { "label": "ACAIACA" },
      { "label": "ACUCENA" },
      { "label": "AGUA BOA" },
      { "label": "AGUA COMPRIDA" },
      { "label": "AGUANIL" },
      { "label": "AGUAS FORMOSAS" },
      { "label": "AGUAS VERMELHAS" },
      { "label": "AIMORES" },
      { "label": "AIURUOCA" },
      { "label": "ALAGOA" },
      { "label": "ALBERTINA" },
      { "label": "ALEM PARAIBA" },
      { "label": "ALFENAS" },
      { "label": "ALFREDO VASCONCELOS" },
      { "label": "ALMENARA" },
      { "label": "ALPERCATA" },
      { "label": "ALPINOPOLIS" },
      { "label": "ALTEROSA" },
      { "label": "ALTO CAPARAO" },
      { "label": "ALTO JEQUITIBA" },
      { "label": "ALTO RIO DOCE" },
      { "label": "ALVARENGA" },
      { "label": "ALVINOPOLIS" },
      { "label": "ALVORADA DE MINAS" },
      { "label": "AMPARO DO SERRA" },
      { "label": "ANDRADAS" },
      { "label": "ANDRELANDIA" },
      { "label": "ANGELANDIA" },
      { "label": "ANTONIO CARLOS" },
      { "label": "ANTONIO DIAS" },
      { "label": "ANTONIO PRADO DE MINAS" },
      { "label": "ARACAI" },
      { "label": "ARACITABA" },
      { "label": "ARACUAI" },
      { "label": "ARAGUARI" },
      { "label": "ARANTINA" },
      { "label": "ARAPONGA" },
      { "label": "ARAPORA" },
      { "label": "ARAPUA" },
      { "label": "ARAUJOS" },
      { "label": "ARAXA" },
      { "label": "ARCEBURGO" },
      { "label": "ARCOS" },
      { "label": "AREADO" },
      { "label": "ARGIRITA" },
      { "label": "ARICANDUVA" },
      { "label": "ARINOS" },
      { "label": "ASTOLFO DUTRA" },
      { "label": "ATALEIA" },
      { "label": "AUGUSTO DE LIMA" },
      { "label": "BAEPENDI" },
      { "label": "BALDIM" },
      { "label": "BAMBUI" },
      { "label": "BANDEIRA" },
      { "label": "BANDEIRA DO SUL" },
      { "label": "BARAO DE COCAIS" },
      { "label": "BARAO DE MONTE ALTO" },
      { "label": "BARBACENA" },
      { "label": "BARRA LONGA" },
      { "label": "BARROSO" },
      { "label": "BELA VISTA DE MINAS" },
      { "label": "BELMIRO BRAGA" },
      { "label": "BELO HORIZONTE" },
      { "label": "BELO ORIENTE" },
      { "label": "BELO VALE" },
      { "label": "BERILO" },
      { "label": "BERIZAL" },
      { "label": "BERTOPOLIS" },
      { "label": "BETIM" },
      { "label": "BIAS FORTES" },
      { "label": "BICAS" },
      { "label": "BIQUINHAS" },
      { "label": "BOA ESPERANCA" },
      { "label": "BOCAINA DE MINAS" },
      { "label": "BOCAIUVA" },
      { "label": "BOM DESPACHO" },
      { "label": "BOM JARDIM DE MINAS" },
      { "label": "BOM JESUS DA PENHA" },
      { "label": "BOM JESUS DO AMPARO" },
      { "label": "BOM JESUS DO GALHO" },
      { "label": "BOM REPOUSO" },
      { "label": "BOM SUCESSO" },
      { "label": "BONFIM" },
      { "label": "BONFINOPOLIS DE MINAS" },
      { "label": "BONITO DE MINAS" },
      { "label": "BORDA DA MATA" },
      { "label": "BOTELHOS" },
      { "label": "BOTUMIRIM" },
      { "label": "BRAS PIRES" },
      { "label": "BRASILANDIA DE MINAS" },
      { "label": "BRASILIA DE MINAS" },
      { "label": "BRAUNAS" },
      { "label": "BRAZOPOLIS" },
      { "label": "BRUMADINHO" },
      { "label": "BUENO BRANDAO" },
      { "label": "BUENOPOLIS" },
      { "label": "BUGRE" },
      { "label": "BURITIS" },
      { "label": "BURITIZEIRO" },
      { "label": "CABECEIRA GRANDE" },
      { "label": "CABO VERDE" },
      { "label": "CACHOEIRA DA PRATA" },
      { "label": "CACHOEIRA DE MINAS" },
      { "label": "CACHOEIRA DE PAJEU" },
      { "label": "CACHOEIRA DOURADA" },
      { "label": "CAETANOPOLIS" },
      { "label": "CAETE" },
      { "label": "CAIANA" },
      { "label": "CAJURI" },
      { "label": "CALDAS" },
      { "label": "CAMACHO" },
      { "label": "CAMANDUCAIA" },
      { "label": "CAMBUI" },
      { "label": "CAMBUQUIRA" },
      { "label": "CAMPANARIO" },
      { "label": "CAMPANHA" },
      { "label": "CAMPESTRE" },
      { "label": "CAMPINA VERDE" },
      { "label": "CAMPO AZUL" },
      { "label": "CAMPO BELO" },
      { "label": "CAMPO DO MEIO" },
      { "label": "CAMPO FLORIDO" },
      { "label": "CAMPOS ALTOS" },
      { "label": "CAMPOS GERAIS" },
      { "label": "CANA VERDE" },
      { "label": "CANAA" },
      { "label": "CANAPOLIS" },
      { "label": "CANDEIAS" },
      { "label": "CANTAGALO" },
      { "label": "CAPARAO" },
      { "label": "CAPELA NOVA" },
      { "label": "CAPELINHA" },
      { "label": "CAPETINGA" },
      { "label": "CAPIM BRANCO" },
      { "label": "CAPINOPOLIS" },
      { "label": "CAPITAO ANDRADE" },
      { "label": "CAPITAO ENEAS" },
      { "label": "CAPITOLIO" },
      { "label": "CAPUTIRA" },
      { "label": "CARAI" },
      { "label": "CARANAIBA" },
      { "label": "CARANDAI" },
      { "label": "CARANGOLA" },
      { "label": "CARATINGA" },
      { "label": "CARBONITA" },
      { "label": "CAREACU" },
      { "label": "CARLOS CHAGAS" },
      { "label": "CARMESIA" },
      { "label": "CARMO DA CACHOEIRA" },
      { "label": "CARMO DA MATA" },
      { "label": "CARMO DE MINAS" },
      { "label": "CARMO DO CAJURU" },
      { "label": "CARMO DO PARANAIBA" },
      { "label": "CARMO DO RIO CLARO" },
      { "label": "CARMOPOLIS DE MINAS" },
      { "label": "CARNEIRINHO" },
      { "label": "CARRANCAS" },
      { "label": "CARVALHOPOLIS" },
      { "label": "CARVALHOS" },
      { "label": "CASA GRANDE" },
      { "label": "CASCALHO RICO" },
      { "label": "CASSIA" },
      { "label": "CATAGUASES" },
      { "label": "CATAS ALTAS" },
      { "label": "CATAS ALTAS DA NORUEGA" },
      { "label": "CATUJI" },
      { "label": "CATUTI" },
      { "label": "CAXAMBU" },
      { "label": "CEDRO DO ABAETE" },
      { "label": "CENTRAL DE MINAS" },
      { "label": "CENTRALINA" },
      { "label": "CHACARA" },
      { "label": "CHALE" },
      { "label": "CHAPADA DO NORTE" },
      { "label": "CHAPADA GAUCHA" },
      { "label": "CHIADOR" },
      { "label": "CIPOTANEA" },
      { "label": "CLARAVAL" },
      { "label": "CLARO DOS POCOES" },
      { "label": "CLAUDIO" },
      { "label": "COIMBRA" },
      { "label": "COLUNA" },
      { "label": "COMENDADOR GOMES" },
      { "label": "COMERCINHO" },
      { "label": "CONCEICAO DA APARECIDA" },
      { "label": "CONCEICAO DA BARRA DE MINAS" },
      { "label": "CONCEICAO DAS ALAGOAS" },
      { "label": "CONCEICAO DAS PEDRAS" },
      { "label": "CONCEICAO DE IPANEMA" },
      { "label": "CONCEICAO DO MATO DENTRO" },
      { "label": "CONCEICAO DO PARA" },
      { "label": "CONCEICAO DO RIO VERDE" },
      { "label": "CONCEICAO DOS OUROS" },
      { "label": "CONEGO MARINHO" },
      { "label": "CONFINS" },
      { "label": "CONGONHAL" },
      { "label": "CONGONHAS" },
      { "label": "CONGONHAS DO NORTE" },
      { "label": "CONQUISTA" },
      { "label": "CONSELHEIRO LAFAIETE" },
      { "label": "CONSELHEIRO PENA" },
      { "label": "CONSOLACAO" },
      { "label": "CONTAGEM" },
      { "label": "COQUEIRAL" },
      { "label": "CORACAO DE JESUS" },
      { "label": "CORDISBURGO" },
      { "label": "CORDISLANDIA" },
      { "label": "CORINTO" },
      { "label": "COROACI" },
      { "label": "COROMANDEL" },
      { "label": "CORONEL FABRICIANO" },
      { "label": "CORONEL MURTA" },
      { "label": "CORONEL PACHECO" },
      { "label": "CORONEL XAVIER CHAVES" },
      { "label": "CORREGO DANTA" },
      { "label": "CORREGO DO BOM JESUS" },
      { "label": "CORREGO FUNDO" },
      { "label": "CORREGO NOVO" },
      { "label": "COUTO DE MAGALHAES DE MINAS" },
      { "label": "CRISOLITA" },
      { "label": "CRISTAIS" },
      { "label": "CRISTALIA" },
      { "label": "CRISTIANO OTONI" },
      { "label": "CRISTINA" },
      { "label": "CRUCILANDIA" },
      { "label": "CRUZEIRO DA FORTALEZA" },
      { "label": "CRUZILIA" },
      { "label": "CUPARAQUE" },
      { "label": "CURRAL DE DENTRO" },
      { "label": "CURVELO" },
      { "label": "DATAS" },
      { "label": "DELFIM MOREIRA" },
      { "label": "DELFINOPOLIS" },
      { "label": "DELTA" },
      { "label": "DESCOBERTO" },
      { "label": "DESTERRO DE ENTRE RIOS" },
      { "label": "DESTERRO DO MELO" },
      { "label": "DIAMANTINA" },
      { "label": "DIOGO DE VASCONCELOS" },
      { "label": "DIONISIO" },
      { "label": "DIVINESIA" },
      { "label": "DIVINO" },
      { "label": "DIVINO DAS LARANJEIRAS" },
      { "label": "DIVINOLANDIA DE MINAS" },
      { "label": "DIVINOPOLIS" },
      { "label": "DIVISA ALEGRE" },
      { "label": "DIVISA NOVA" },
      { "label": "DIVISOPOLIS" },
      { "label": "DOM BOSCO" },
      { "label": "DOM CAVATI" },
      { "label": "DOM JOAQUIM" },
      { "label": "DOM SILVERIO" },
      { "label": "DOM VICOSO" },
      { "label": "DONA EUZEBIA" },
      { "label": "DORES DE CAMPOS" },
      { "label": "DORES DE GUANHAES" },
      { "label": "DORES DO INDAIA" },
      { "label": "DORES DO TURVO" },
      { "label": "DORESOPOLIS" },
      { "label": "DOURADOQUARA" },
      { "label": "DURANDE" },
      { "label": "ELOI MENDES" },
      { "label": "ENGENHEIRO CALDAS" },
      { "label": "ENGENHEIRO NAVARRO" },
      { "label": "ENTRE FOLHAS" },
      { "label": "ENTRE RIOS DE MINAS" },
      { "label": "ERVALIA" },
      { "label": "ESMERALDAS" },
      { "label": "ESPERA FELIZ" },
      { "label": "ESPINOSA" },
      { "label": "ESPIRITO SANTO DO DOURADO" },
      { "label": "ESTIVA" },
      { "label": "ESTRELA DALVA" },
      { "label": "ESTRELA DO INDAIA" },
      { "label": "ESTRELA DO SUL" },
      { "label": "EUGENOPOLIS" },
      { "label": "EWBANK DA CAMARA" },
      { "label": "EXTREMA" },
      { "label": "FAMA" },
      { "label": "FARIA LEMOS" },
      { "label": "FELICIO DOS SANTOS" },
      { "label": "FELISBURGO" },
      { "label": "FELIXLANDIA" },
      { "label": "FERNANDES TOURINHO" },
      { "label": "FERROS" },
      { "label": "FERVEDOURO" },
      { "label": "FLORESTAL" },
      { "label": "FORMIGA" },
      { "label": "FORMOSO" },
      { "label": "FORTALEZA DE MINAS" },
      { "label": "FORTUNA DE MINAS" },
      { "label": "FRANCISCO BADARO" },
      { "label": "FRANCISCO DUMONT" },
      { "label": "FRANCISCO SA" },
      { "label": "FRANCISCOPOLIS" },
      { "label": "FREI GASPAR" },
      { "label": "FREI INOCENCIO" },
      { "label": "FREI LAGONEGRO" },
      { "label": "FRONTEIRA" },
      { "label": "FRONTEIRA DOS VALES" },
      { "label": "FRUTA DE LEITE" },
      { "label": "FRUTAL" },
      { "label": "FUNILANDIA" },
      { "label": "GALILEIA" },
      { "label": "GAMELEIRAS" },
      { "label": "GLAUCILANDIA" },
      { "label": "GOIABEIRA" },
      { "label": "GOIANA" },
      { "label": "GONCALVES" },
      { "label": "GONZAGA" },
      { "label": "GOUVEIA" },
      { "label": "GOVERNADOR VALADARES" },
      { "label": "GRAO MOGOL" },
      { "label": "GRUPIARA" },
      { "label": "GUANHAES" },
      { "label": "GUAPE" },
      { "label": "GUARACIABA" },
      { "label": "GUARACIAMA" },
      { "label": "GUARANESIA" },
      { "label": "GUARANI" },
      { "label": "GUARARA" },
      { "label": "GUARDA-MOR" },
      { "label": "GUAXUPE" },
      { "label": "GUIDOVAL" },
      { "label": "GUIMARANIA" },
      { "label": "GUIRICEMA" },
      { "label": "GURINHATA" },
      { "label": "HELIODORA" },
      { "label": "IAPU" },
      { "label": "IBERTIOGA" },
      { "label": "IBIA" },
      { "label": "IBIAI" },
      { "label": "IBIRACATU" },
      { "label": "IBIRACI" },
      { "label": "IBIRITE" },
      { "label": "IBITIURA DE MINAS" },
      { "label": "IBITURUNA" },
      { "label": "ICARAI DE MINAS" },
      { "label": "IGARAPE" },
      { "label": "IGARATINGA" },
      { "label": "IGUATAMA" },
      { "label": "IJACI" },
      { "label": "ILICINEA" },
      { "label": "IMBE DE MINAS" },
      { "label": "INCONFIDENTES" },
      { "label": "INDAIABIRA" },
      { "label": "INDIANOPOLIS" },
      { "label": "INGAI" },
      { "label": "INHAPIM" },
      { "label": "INHAUMA" },
      { "label": "INIMUTABA" },
      { "label": "IPABA" },
      { "label": "IPANEMA" },
      { "label": "IPATINGA" },
      { "label": "IPIACU" },
      { "label": "IPUIUNA" },
      { "label": "IRAI DE MINAS" },
      { "label": "ITABIRA" },
      { "label": "ITABIRINHA" },
      { "label": "ITABIRITO" },
      { "label": "ITACAMBIRA" },
      { "label": "ITACARAMBI" },
      { "label": "ITAGUARA" },
      { "label": "ITAIPE" },
      { "label": "ITAJUBA" },
      { "label": "ITAMARANDIBA" },
      { "label": "ITAMARATI DE MINAS" },
      { "label": "ITAMBACURI" },
      { "label": "ITAMBE DO MATO DENTRO" },
      { "label": "ITAMOGI" },
      { "label": "ITAMONTE" },
      { "label": "ITANHANDU" },
      { "label": "ITANHOMI" },
      { "label": "ITAOBIM" },
      { "label": "ITAPAGIPE" },
      { "label": "ITAPECERICA" },
      { "label": "ITAPEVA" },
      { "label": "ITATIAIUCU" },
      { "label": "ITAU DE MINAS" },
      { "label": "ITAUNA" },
      { "label": "ITAVERAVA" },
      { "label": "ITINGA" },
      { "label": "ITUETA" },
      { "label": "ITUIUTABA" },
      { "label": "ITUMIRIM" },
      { "label": "ITURAMA" },
      { "label": "ITUTINGA" },
      { "label": "JABOTICATUBAS" },
      { "label": "JACINTO" },
      { "label": "JACUI" },
      { "label": "JACUTINGA" },
      { "label": "JAGUARACU" },
      { "label": "JAIBA" },
      { "label": "JAMPRUCA" },
      { "label": "JANAUBA" },
      { "label": "JANUARIA" },
      { "label": "JAPARAIBA" },
      { "label": "JAPONVAR" },
      { "label": "JECEABA" },
      { "label": "JENIPAPO DE MINAS" },
      { "label": "JEQUERI" },
      { "label": "JEQUITAI" },
      { "label": "JEQUITIBA" },
      { "label": "JEQUITINHONHA" },
      { "label": "JESUANIA" },
      { "label": "JOAIMA" },
      { "label": "JOANESIA" },
      { "label": "JOAO MONLEVADE" },
      { "label": "JOAO PINHEIRO" },
      { "label": "JOAQUIM FELICIO" },
      { "label": "JORDANIA" },
      { "label": "JOSE GONCALVES DE MINAS" },
      { "label": "JOSE RAYDAN" },
      { "label": "JOSENOPOLIS" },
      { "label": "JUATUBA" },
      { "label": "JUIZ DE FORA" },
      { "label": "JURAMENTO" },
      { "label": "JURUAIA" },
      { "label": "JUVENILIA" },
      { "label": "LADAINHA" },
      { "label": "LAGAMAR" },
      { "label": "LAGOA DA PRATA" },
      { "label": "LAGOA DOS PATOS" },
      { "label": "LAGOA DOURADA" },
      { "label": "LAGOA FORMOSA" },
      { "label": "LAGOA GRANDE" },
      { "label": "LAGOA SANTA" },
      { "label": "LAJINHA" },
      { "label": "LAMBARI" },
      { "label": "LAMIM" },
      { "label": "LARANJAL" },
      { "label": "LASSANCE" },
      { "label": "LAVRAS" },
      { "label": "LEANDRO FERREIRA" },
      { "label": "LEME DO PRADO" },
      { "label": "LEOPOLDINA" },
      { "label": "LIBERDADE" },
      { "label": "LIMA DUARTE" },
      { "label": "LIMEIRA DO OESTE" },
      { "label": "LONTRA" },
      { "label": "LUISBURGO" },
      { "label": "LUISLANDIA" },
      { "label": "LUMINARIAS" },
      { "label": "LUZ" },
      { "label": "MACHACALIS" },
      { "label": "MACHADO" },
      { "label": "MADRE DE DEUS DE MINAS" },
      { "label": "MALACACHETA" },
      { "label": "MAMONAS" },
      { "label": "MANGA" },
      { "label": "MANHUACU" },
      { "label": "MANHUMIRIM" },
      { "label": "MANTENA" },
      { "label": "MAR DE ESPANHA" },
      { "label": "MARAVILHAS" },
      { "label": "MARIA DA FE" },
      { "label": "MARIANA" },
      { "label": "MARILAC" },
      { "label": "MARIO CAMPOS" },
      { "label": "MARIPA DE MINAS" },
      { "label": "MARLIERIA" },
      { "label": "MARMELOPOLIS" },
      { "label": "MARTINHO CAMPOS" },
      { "label": "MARTINS SOARES" },
      { "label": "MATA VERDE" },
      { "label": "MATERLANDIA" },
      { "label": "MATEUS LEME" },
      { "label": "MATHIAS LOBATO" },
      { "label": "MATIAS BARBOSA" },
      { "label": "MATIAS CARDOSO" },
      { "label": "MATIPO" },
      { "label": "MATO VERDE" },
      { "label": "MATOZINHOS" },
      { "label": "MATUTINA" },
      { "label": "MEDEIROS" },
      { "label": "MEDINA" },
      { "label": "MENDES PIMENTEL" },
      { "label": "MERCES" },
      { "label": "MESQUITA" },
      { "label": "MINAS NOVAS" },
      { "label": "MINDURI" },
      { "label": "MIRABELA" },
      { "label": "MIRADOURO" },
      { "label": "MIRAI" },
      { "label": "MIRAVANIA" },
      { "label": "MOEDA" },
      { "label": "MOEMA" },
      { "label": "MONJOLOS" },
      { "label": "MONSENHOR PAULO" },
      { "label": "MONTALVANIA" },
      { "label": "MONTE ALEGRE DE MINAS" },
      { "label": "MONTE AZUL" },
      { "label": "MONTE BELO" },
      { "label": "MONTE CARMELO" },
      { "label": "MONTE FORMOSO" },
      { "label": "MONTE SANTO DE MINAS" },
      { "label": "MONTE SIAO" },
      { "label": "MONTES CLAROS" },
      { "label": "MONTEZUMA" },
      { "label": "MORADA NOVA DE MINAS" },
      { "label": "MORRO DA GARCA" },
      { "label": "MORRO DO PILAR" },
      { "label": "MUNHOZ" },
      { "label": "MURIAE" },
      { "label": "MUTUM" },
      { "label": "MUZAMBINHO" },
      { "label": "NACIP RAYDAN" },
      { "label": "NANUQUE" },
      { "label": "NAQUE" },
      { "label": "NATALANDIA" },
      { "label": "NATERCIA" },
      { "label": "NAZARENO" },
      { "label": "NEPOMUCENO" },
      { "label": "NINHEIRA" },
      { "label": "NOVA BELEM" },
      { "label": "NOVA ERA" },
      { "label": "NOVA LIMA" },
      { "label": "NOVA MODICA" },
      { "label": "NOVA PONTE" },
      { "label": "NOVA PORTEIRINHA" },
      { "label": "NOVA RESENDE" },
      { "label": "NOVA SERRANA" },
      { "label": "NOVA UNIAO" },
      { "label": "NOVO CRUZEIRO" },
      { "label": "NOVO ORIENTE DE MINAS" },
      { "label": "NOVORIZONTE" },
      { "label": "OLARIA" },
      { "label": "OLHOS-D'AGUA" },
      { "label": "OLIMPIO NORONHA" },
      { "label": "OLIVEIRA" },
      { "label": "OLIVEIRA FORTES" },
      { "label": "ONCA DE PITANGUI" },
      { "label": "ORATORIOS" },
      { "label": "ORIZANIA" },
      { "label": "OURO BRANCO" },
      { "label": "OURO FINO" },
      { "label": "OURO PRETO" },
      { "label": "OURO VERDE DE MINAS" },
      { "label": "PADRE CARVALHO" },
      { "label": "PADRE PARAISO" },
      { "label": "PAI PEDRO" },
      { "label": "PAINEIRAS" },
      { "label": "PAINS" },
      { "label": "PAIVA" },
      { "label": "PALMA" },
      { "label": "PALMOPOLIS" },
      { "label": "PAPAGAIOS" },
      { "label": "PARA DE MINAS" },
      { "label": "PARACATU" },
      { "label": "PARAGUACU" },
      { "label": "PARAISOPOLIS" },
      { "label": "PARAOPEBA" },
      { "label": "PASSA QUATRO" },
      { "label": "PASSA TEMPO" },
      { "label": "PASSA VINTE" },
      { "label": "PASSABEM" },
      { "label": "PASSOS" },
      { "label": "PATIS" },
      { "label": "PATOS DE MINAS" },
      { "label": "PATROCINIO" },
      { "label": "PATROCINIO DO MURIAE" },
      { "label": "PAULA CANDIDO" },
      { "label": "PAULISTAS" },
      { "label": "PAVAO" },
      { "label": "PECANHA" },
      { "label": "PEDRA AZUL" },
      { "label": "PEDRA BONITA" },
      { "label": "PEDRA DO ANTA" },
      { "label": "PEDRA DO INDAIA" },
      { "label": "PEDRA DOURADA" },
      { "label": "PEDRALVA" },
      { "label": "PEDRAS DE MARIA DA CRUZ" },
      { "label": "PEDRINOPOLIS" },
      { "label": "PEDRO LEOPOLDO" },
      { "label": "PEDRO TEIXEIRA" },
      { "label": "PEQUERI" },
      { "label": "PEQUI" },
      { "label": "PERDIGAO" },
      { "label": "PERDIZES" },
      { "label": "PERDOES" },
      { "label": "PERIQUITO" },
      { "label": "PESCADOR" },
      { "label": "PIAU" },
      { "label": "PIEDADE DE CARATINGA" },
      { "label": "PIEDADE DE PONTE NOVA" },
      { "label": "PIEDADE DO RIO GRANDE" },
      { "label": "PIEDADE DOS GERAIS" },
      { "label": "PIMENTA" },
      { "label": "PINGO-D'AGUA" },
      { "label": "PINTOPOLIS" },
      { "label": "PIRACEMA" },
      { "label": "PIRAJUBA" },
      { "label": "PIRANGA" },
      { "label": "PIRANGUCU" },
      { "label": "PIRANGUINHO" },
      { "label": "PIRAPETINGA" },
      { "label": "PIRAPORA" },
      { "label": "PIRAUBA" },
      { "label": "PITANGUI" },
      { "label": "PIUMHI" },
      { "label": "PLANURA" },
      { "label": "POCO FUNDO" },
      { "label": "POCOS DE CALDAS" },
      { "label": "POCRANE" },
      { "label": "POMPEU" },
      { "label": "PONTE NOVA" },
      { "label": "PONTO CHIQUE" },
      { "label": "PONTO DOS VOLANTES" },
      { "label": "PORTEIRINHA" },
      { "label": "PORTO FIRME" },
      { "label": "POTE" },
      { "label": "POUSO ALEGRE" },
      { "label": "POUSO ALTO" },
      { "label": "PRADOS" },
      { "label": "PRATA" },
      { "label": "PRATAPOLIS" },
      { "label": "PRATINHA" },
      { "label": "PRESIDENTE BERNARDES" },
      { "label": "PRESIDENTE JUSCELINO" },
      { "label": "PRESIDENTE KUBITSCHEK" },
      { "label": "PRESIDENTE OLEGARIO" },
      { "label": "PRUDENTE DE MORAIS" },
      { "label": "QUARTEL GERAL" },
      { "label": "QUELUZITO" },
      { "label": "RAPOSOS" },
      { "label": "RAUL SOARES" },
      { "label": "RECREIO" },
      { "label": "REDUTO" },
      { "label": "RESENDE COSTA" },
      { "label": "RESPLENDOR" },
      { "label": "RESSAQUINHA" },
      { "label": "RIACHINHO" },
      { "label": "RIACHO DOS MACHADOS" },
      { "label": "RIBEIRAO DAS NEVES" },
      { "label": "RIBEIRAO VERMELHO" },
      { "label": "RIO ACIMA" },
      { "label": "RIO CASCA" },
      { "label": "RIO DO PRADO" },
      { "label": "RIO DOCE" },
      { "label": "RIO ESPERA" },
      { "label": "RIO MANSO" },
      { "label": "RIO NOVO" },
      { "label": "RIO PARANAIBA" },
      { "label": "RIO PARDO DE MINAS" },
      { "label": "RIO PIRACICABA" },
      { "label": "RIO POMBA" },
      { "label": "RIO PRETO" },
      { "label": "RIO VERMELHO" },
      { "label": "RITAPOLIS" },
      { "label": "ROCHEDO DE MINAS" },
      { "label": "RODEIRO" },
      { "label": "ROMARIA" },
      { "label": "ROSARIO DA LIMEIRA" },
      { "label": "RUBELITA" },
      { "label": "RUBIM" },
      { "label": "SABARA" },
      { "label": "SABINOPOLIS" },
      { "label": "SACRAMENTO" },
      { "label": "SALINAS" },
      { "label": "SALTO DA DIVISA" },
      { "label": "SANTA BARBARA" },
      { "label": "SANTA BARBARA DO LESTE" },
      { "label": "SANTA BARBARA DO MONTE VERDE" },
      { "label": "SANTA BARBARA DO TUGURIO" },
      { "label": "SANTA CRUZ DE MINAS" },
      { "label": "SANTA CRUZ DE SALINAS" },
      { "label": "SANTA CRUZ DO ESCALVADO" },
      { "label": "SANTA EFIGENIA DE MINAS" },
      { "label": "SANTA FE DE MINAS" },
      { "label": "SANTA HELENA DE MINAS" },
      { "label": "SANTA JULIANA" },
      { "label": "SANTA LUZIA" },
      { "label": "SANTA MARGARIDA" },
      { "label": "SANTA MARIA DE ITABIRA" },
      { "label": "SANTA MARIA DO SALTO" },
      { "label": "SANTA MARIA DO SUACUI" },
      { "label": "SANTA RITA DE CALDAS" },
      { "label": "SANTA RITA DE IBITIPOCA" },
      { "label": "SANTA RITA DE JACUTINGA" },
      { "label": "SANTA RITA DE MINAS" },
      { "label": "SANTA RITA DO ITUETO" },
      { "label": "SANTA RITA DO SAPUCAI" },
      { "label": "SANTA ROSA DA SERRA" },
      { "label": "SANTA VITORIA" },
      { "label": "SANTANA DA VARGEM" },
      { "label": "SANTANA DE CATAGUASES" },
      { "label": "SANTANA DE PIRAPAMA" },
      { "label": "SANTANA DO DESERTO" },
      { "label": "SANTANA DO GARAMBEU" },
      { "label": "SANTANA DO JACARE" },
      { "label": "SANTANA DO MANHUACU" },
      { "label": "SANTANA DO PARAISO" },
      { "label": "SANTANA DO RIACHO" },
      { "label": "SANTANA DOS MONTES" },
      { "label": "SANTO ANTONIO DO AMPARO" },
      { "label": "SANTO ANTONIO DO AVENTUREIRO" },
      { "label": "SANTO ANTONIO DO GRAMA" },
      { "label": "SANTO ANTONIO DO ITAMBE" },
      { "label": "SANTO ANTONIO DO JACINTO" },
      { "label": "SANTO ANTONIO DO MONTE" },
      { "label": "SANTO ANTONIO DO RETIRO" },
      { "label": "SANTO ANTONIO DO RIO ABAIXO" },
      { "label": "SANTO HIPOLITO" },
      { "label": "SANTOS DUMONT" },
      { "label": "SAO BENTO ABADE" },
      { "label": "SAO BRAS DO SUACUI" },
      { "label": "SAO DOMINGOS DAS DORES" },
      { "label": "SAO DOMINGOS DO PRATA" },
      { "label": "SAO FELIX DE MINAS" },
      { "label": "SAO FRANCISCO" },
      { "label": "SAO FRANCISCO DE PAULA" },
      { "label": "SAO FRANCISCO DE SALES" },
      { "label": "SAO FRANCISCO DO GLORIA" },
      { "label": "SAO GERALDO" },
      { "label": "SAO GERALDO DA PIEDADE" },
      { "label": "SAO GERALDO DO BAIXIO" },
      { "label": "SAO GONCALO DO ABAETE" },
      { "label": "SAO GONCALO DO PARA" },
      { "label": "SAO GONCALO DO RIO ABAIXO" },
      { "label": "SAO GONCALO DO RIO PRETO" },
      { "label": "SAO GONCALO DO SAPUCAI" },
      { "label": "SAO GOTARDO" },
      { "label": "SAO JOAO BATISTA DO GLORIA" },
      { "label": "SAO JOAO DA LAGOA" },
      { "label": "SAO JOAO DA MATA" },
      { "label": "SAO JOAO DA PONTE" },
      { "label": "SAO JOAO DAS MISSOES" },
      { "label": "SAO JOAO DEL REI" },
      { "label": "SAO JOAO DO MANHUACU" },
      { "label": "SAO JOAO DO MANTENINHA" },
      { "label": "SAO JOAO DO ORIENTE" },
      { "label": "SAO JOAO DO PACUI" },
      { "label": "SAO JOAO DO PARAISO" },
      { "label": "SAO JOAO EVANGELISTA" },
      { "label": "SAO JOAO NEPOMUCENO" },
      { "label": "SAO JOAQUIM DE BICAS" },
      { "label": "SAO JOSE DA BARRA" },
      { "label": "SAO JOSE DA LAPA" },
      { "label": "SAO JOSE DA SAFIRA" },
      { "label": "SAO JOSE DA VARGINHA" },
      { "label": "SAO JOSE DO ALEGRE" },
      { "label": "SAO JOSE DO DIVINO" },
      { "label": "SAO JOSE DO GOIABAL" },
      { "label": "SAO JOSE DO JACURI" },
      { "label": "SAO JOSE DO MANTIMENTO" },
      { "label": "SAO LOURENCO" },
      { "label": "SAO MIGUEL DO ANTA" },
      { "label": "SAO PEDRO DA UNIAO" },
      { "label": "SAO PEDRO DO SUACUI" },
      { "label": "SAO PEDRO DOS FERROS" },
      { "label": "SAO ROMAO" },
      { "label": "SAO ROQUE DE MINAS" },
      { "label": "SAO SEBASTIAO DA BELA VISTA" },
      { "label": "SAO SEBASTIAO DA VARGEM ALEGRE" },
      { "label": "SAO SEBASTIAO DO ANTA" },
      { "label": "SAO SEBASTIAO DO MARANHAO" },
      { "label": "SAO SEBASTIAO DO OESTE" },
      { "label": "SAO SEBASTIAO DO PARAISO" },
      { "label": "SAO SEBASTIAO DO RIO PRETO" },
      { "label": "SAO SEBASTIAO DO RIO VERDE" },
      { "label": "SAO TIAGO" },
      { "label": "SAO TOMAS DE AQUINO" },
      { "label": "SAO TOME DAS LETRAS" },
      { "label": "SAO VICENTE DE MINAS" },
      { "label": "SAPUCAI-MIRIM" },
      { "label": "SARDOA" },
      { "label": "SARZEDO" },
      { "label": "SEM-PEIXE" },
      { "label": "SENADOR AMARAL" },
      { "label": "SENADOR CORTES" },
      { "label": "SENADOR FIRMINO" },
      { "label": "SENADOR JOSE BENTO" },
      { "label": "SENADOR MODESTINO GONCALVES" },
      { "label": "SENHORA DE OLIVEIRA" },
      { "label": "SENHORA DO PORTO" },
      { "label": "SENHORA DOS REMEDIOS" },
      { "label": "SERICITA" },
      { "label": "SERITINGA" },
      { "label": "SERRA AZUL DE MINAS" },
      { "label": "SERRA DA SAUDADE" },
      { "label": "SERRA DO SALITRE" },
      { "label": "SERRA DOS AIMORES" },
      { "label": "SERRANIA" },
      { "label": "SERRANOPOLIS DE MINAS" },
      { "label": "SERRANOS" },
      { "label": "SERRO" },
      { "label": "SETE LAGOAS" },
      { "label": "SETUBINHA" },
      { "label": "SILVEIRANIA" },
      { "label": "SILVIANOPOLIS" },
      { "label": "SIMAO PEREIRA" },
      { "label": "SIMONESIA" },
      { "label": "SOBRALIA" },
      { "label": "SOLEDADE DE MINAS" },
      { "label": "TABULEIRO" },
      { "label": "TAIOBEIRAS" },
      { "label": "TAPARUBA" },
      { "label": "TAPIRA" },
      { "label": "TAPIRAI" },
      { "label": "TAQUARACU DE MINAS" },
      { "label": "TARUMIRIM" },
      { "label": "TEIXEIRAS" },
      { "label": "TEOFILO OTONI" },
      { "label": "TIMOTEO" },
      { "label": "TIRADENTES" },
      { "label": "TIROS" },
      { "label": "TOCANTINS" },
      { "label": "TOCOS DO MOJI" },
      { "label": "TOLEDO" },
      { "label": "TOMBOS" },
      { "label": "TRES CORACOES" },
      { "label": "TRES MARIAS" },
      { "label": "TRES PONTAS" },
      { "label": "TUMIRITINGA" },
      { "label": "TUPACIGUARA" },
      { "label": "TURMALINA" },
      { "label": "TURVOLANDIA" },
      { "label": "UBA" },
      { "label": "UBAI" },
      { "label": "UBAPORANGA" },
      { "label": "UBERABA" },
      { "label": "UBERLANDIA" },
      { "label": "UMBURATIBA" },
      { "label": "UNAI" },
      { "label": "UNIAO DE MINAS" },
      { "label": "URUANA DE MINAS" },
      { "label": "URUCANIA" },
      { "label": "URUCUIA" },
      { "label": "VARGEM ALEGRE" },
      { "label": "VARGEM BONITA" },
      { "label": "VARGEM GRANDE DO RIO PARDO" },
      { "label": "VARGINHA" },
      { "label": "VARJAO DE MINAS" },
      { "label": "VARZEA DA PALMA" },
      { "label": "VARZELANDIA" },
      { "label": "VAZANTE" },
      { "label": "VERDELANDIA" },
      { "label": "VEREDINHA" },
      { "label": "VERISSIMO" },
      { "label": "VERMELHO NOVO" },
      { "label": "VESPASIANO" },
      { "label": "VICOSA" },
      { "label": "VIEIRAS" },
      { "label": "VIRGEM DA LAPA" },
      { "label": "VIRGINIA" },
      { "label": "VIRGINOPOLIS" },
      { "label": "VIRGOLANDIA" },
      { "label": "VISCONDE DO RIO BRANCO" },
      { "label": "VOLTA GRANDE" },
      { "label": "WENCESLAU BRAZ" }
    ]
  },
  {
    "label": "Região de Planejamento",
    "children": [
      { "label": "ALTO PARANAIBA" },
      { "label": "CENTRAL" },
      { "label": "CENTRO-OESTE" },
      { "label": "JEQUITINHONHA / MUCURI" },
      { "label": "MATA" },
      { "label": "NOROESTE" },
      { "label": "NORTE" },
      { "label": "RIO DOCE" },
      { "label": "SUL" },
      { "label": "TRIANGULO" }
    ]
  },
  {
    "label": "Microregião",
    "children": [
      { "label": "AIMORES" },
      { "label": "ALFENAS" },
      { "label": "ALMENARA" },
      { "label": "ANDRELANDIA" },
      { "label": "ARACUAI" },
      { "label": "ARAXA" },
      { "label": "BARBACENA" },
      { "label": "BELO HORIZONTE" },
      { "label": "BOCAIUVA" },
      { "label": "BOM DESPACHO" },
      { "label": "CAMPO BELO" },
      { "label": "CAPELINHA" },
      { "label": "CARATINGA" },
      { "label": "CATAGUASES" },
      { "label": "CONCEICAO DO MATO DENTRO" },
      { "label": "CONSELHEIRO LAFAIETE" },
      { "label": "CURVELO" },
      { "label": "DIAMANTINA" },
      { "label": "DIVINOPOLIS" },
      { "label": "FORMIGA" },
      { "label": "FRUTAL" },
      { "label": "GOVERNADOR VALADARES" },
      { "label": "GRAO MOGOL" },
      { "label": "GUANHAES" },
      { "label": "IPATINGA" },
      { "label": "ITABIRA" },
      { "label": "ITAGUARA" },
      { "label": "ITAJUBA" },
      { "label": "ITUIUTABA" },
      { "label": "JANAUBA" },
      { "label": "JANUARIA" },
      { "label": "JUIZ DE FORA" },
      { "label": "LAVRAS" },
      { "label": "MANHUACU" },
      { "label": "MANTENA" },
      { "label": "MONTES CLAROS" },
      { "label": "MURIAE" },
      { "label": "NANUQUE" },
      { "label": "OLIVEIRA" },
      { "label": "OURO PRETO" },
      { "label": "PARA DE MINAS" },
      { "label": "PARACATU" },
      { "label": "PASSOS" },
      { "label": "PATOS DE MINAS" },
      { "label": "PATROCINIO" },
      { "label": "PECANHA" },
      { "label": "PEDRA AZUL" },
      { "label": "PIRAPORA" },
      { "label": "PIUI" },
      { "label": "POCOS DE CALDAS" },
      { "label": "PONTE NOVA" },
      { "label": "POUSO ALEGRE" },
      { "label": "SALINAS" },
      { "label": "SANTA RITA DO SAPUCAI" },
      { "label": "SAO JOAO DEL REI" },
      { "label": "SAO LOURENCO" },
      { "label": "SAO SEBASTIAO DO PARAISO" },
      { "label": "SETE LAGOAS" },
      { "label": "TEOFILO OTONI" },
      { "label": "TRES MARIAS" },
      { "label": "UBA" },
      { "label": "UBERABA" },
      { "label": "UBERLANDIA" },
      { "label": "UNAI" },
      { "label": "VARGINHA" },
      { "label": "VICOSA" }
    ]
  },
  {
    "label": "Mesoregião",
    "children": [
      { "label": "CAMPO DAS VERTENTES" },
      { "label": "CENTRAL MINEIRA" },
      { "label": "JEQUITINHONHA" },
      { "label": "METROPOLITANA DE BELO HORIZONTE" },
      { "label": "NOROESTE DE MINAS" },
      { "label": "NORTE DE MINAS" },
      { "label": "OESTE DE MINAS" },
      { "label": "SUL/SUDOESTE DE MINAS" },
      { "label": "TRIANGULO MINEIRO/ALTO PARANAIBA" },
      { "label": "VALE DO MUCURI" },
      { "label": "VALE DO RIO DOCE" },
      { "label": "ZONA DA MATA" }
    ]
  },
  {
    "label": "Região Imediata",
    "children": [
      { "label": "ABAETE" },
      { "label": "AGUAS FORMOSAS" },
      { "label": "AIMORES - RESPLENDOR" },
      { "label": "ALEM PARAIBA" },
      { "label": "ALFENAS" },
      { "label": "ALMENARA" },
      { "label": "ARACUAI" },
      { "label": "ARAXA" },
      { "label": "BARBACENA" },
      { "label": "BELO HORIZONTE" },
      { "label": "CAMPO BELO" },
      { "label": "CAPELINHA" },
      { "label": "CARANGOLA" },
      { "label": "CARATINGA" },
      { "label": "CATAGUASES" },
      { "label": "CAXAMBU - BAEPENDI" },
      { "label": "CONSELHEIRO LAFAIETE" },
      { "label": "CURVELO" },
      { "label": "DIAMANTINA" },
      { "label": "DIVINOPOLIS" },
      { "label": "DORES DO INDAIA" },
      { "label": "ESPINOSA" },
      { "label": "FORMIGA" },
      { "label": "FRUTAL" },
      { "label": "GOVERNADOR VALADARES" },
      { "label": "GUANHAES" },
      { "label": "GUAXUPE" },
      { "label": "IPATINGA" },
      { "label": "ITABIRA" },
      { "label": "ITAJUBA" },
      { "label": "ITUIUTABA" },
      { "label": "ITURAMA" },
      { "label": "JANAUBA" },
      { "label": "JANUARIA" },
      { "label": "JOAO MONLEVADE" },
      { "label": "JUIZ DE FORA" },
      { "label": "LAVRAS" },
      { "label": "MANHUACU" },
      { "label": "MANTENA" },
      { "label": "MONTE CARMELO" },
      { "label": "MONTES CLAROS" },
      { "label": "MURIAE" },
      { "label": "OLIVEIRA" },
      { "label": "PARA DE MINAS" },
      { "label": "PASSOS" },
      { "label": "PATOS DE MINAS" },
      { "label": "PATROCINIO" },
      { "label": "PEDRA AZUL" },
      { "label": "PIRAPORA" },
      { "label": "PIUMHI" },
      { "label": "POCOS DE CALDAS" },
      { "label": "PONTE NOVA" },
      { "label": "POUSO ALEGRE" },
      { "label": "SALINAS" },
      { "label": "SANTA BARBARA - OURO PRETO" },
      { "label": "SAO FRANCISCO" },
      { "label": "SAO JOAO DEL REI" },
      { "label": "SAO JOAO NEPOMUCENO - BICAS" },
      { "label": "SAO LOURENCO" },
      { "label": "SAO SEBASTIAO DO PARAISO" },
      { "label": "SETE LAGOAS" },
      { "label": "TEOFILO OTONI" },
      { "label": "TRES CORACOES" },
      { "label": "TRES PONTAS - BOA ESPERANCA" },
      { "label": "UBA" },
      { "label": "UBERABA" },
      { "label": "UBERLANDIA" },
      { "label": "UNAI" },
      { "label": "VARGINHA" },
      { "label": "VICOSA" }
    ]
  },
  {
    "label": "Região Intermediária",
    "children": [
      { "label": "BARBACENA" },
      { "label": "BELO HORIZONTE" },
      { "label": "DIVINOPOLIS" },
      { "label": "GOVERNADOR VALADARES" },
      { "label": "IPATINGA" },
      { "label": "JUIZ DE FORA" },
      { "label": "MONTES CLAROS" },
      { "label": "PATOS DE MINAS" },
      { "label": "POUSO ALEGRE" },
      { "label": "TEOFILO OTONI" },
      { "label": "UBERABA" },
      { "label": "UBERLANDIA" },
      { "label": "VARGINHA" }
    ]
  }
]
